{
    "train_loss": [
        0.42480232175809257,
        0.23871972721180196,
        0.18769520938203324,
        0.16651650052555372,
        0.15204394372755722,
        0.14951038887527882,
        0.13636002460862037,
        0.12862598902766031,
        0.12212045702077896,
        0.11837881358660506,
        0.10897257363249435,
        0.11448702258043433,
        0.10645985821760166,
        0.10725418347435328,
        0.09206521472653123,
        0.09100659620567535,
        0.08900324218513288,
        0.0908468506010145,
        0.08449521849357648,
        0.07888097843260632,
        0.08779175971364732,
        0.08267759617789724,
        0.07983999836493841,
        0.08242193005996161,
        0.07629598558338344,
        0.07761141901831524,
        0.07980346623534042,
        0.07188555738956955,
        0.055073162162581145,
        0.05405098327239531,
        0.0518929128496994,
        0.049102445980801775,
        0.045656670966748046,
        0.05149745126811236,
        0.044972424777335304,
        0.03939143737114939,
        0.037570969759638376,
        0.033983093077842204,
        0.0306804440704349
    ],
    "train_acc": [
        72.37073039017146,
        84.02187120291616,
        87.363304981774,
        88.63912515188335,
        89.32766302146618,
        90.00270014850817,
        90.92075064128527,
        91.34602403132172,
        91.71054407992439,
        92.20332118266505,
        92.46658566221141,
        92.48008640475226,
        92.70284865667611,
        92.54083974618604,
        93.60064803564197,
        93.6479006345349,
        94.02592142567842,
        93.77615768867288,
        94.20818144997975,
        94.42419333063319,
        94.17442959362765,
        94.30943701903605,
        94.31618739030647,
        94.35668961792899,
        94.81571486431754,
        94.52544889968948,
        94.61320372620494,
        94.7347104090725,
        96.18604023221278,
        96.24679357364656,
        96.14553800459025,
        96.46280545429998,
        96.92183070068853,
        96.46280545429998,
        96.93533144322937,
        97.05008775482652,
        97.27960037802079,
        97.51586337248548,
        97.63061968408262
    ],
    "val_loss": [
        0.5531783866782592,
        0.38837529974505597,
        0.23929036959639097,
        0.23242841560546654,
        0.33197010574770697,
        0.22938393517562342,
        0.2599576609567776,
        0.21811672731500675,
        0.21273357782171906,
        0.20173873953887914,
        0.21758201702050572,
        0.19219420224391512,
        0.26043599404249795,
        0.163632105902776,
        0.2090164599522369,
        0.17692586806038116,
        0.16726102721584066,
        0.1958801691358777,
        0.18506237998341693,
        0.16267075578237547,
        0.14677492229146957,
        0.13264652692280182,
        0.1419180822117606,
        0.17714356356080416,
        0.17283948768812094,
        0.3487559337307989,
        0.17036620850638143,
        0.14796588428399166,
        0.11705111683679995,
        0.1219043043890132,
        0.13751622735950766,
        0.12320075129188128,
        0.11777949998793229,
        0.12999388294818803,
        0.1250107836712878,
        0.11159372883731972,
        0.11039642234344317,
        0.11277798249115838,
        0.1324892571998332
    ],
    "val_acc": [
        75.46456692913385,
        85.19685039370079,
        92.0,
        91.71653543307086,
        86.92913385826772,
        91.11811023622047,
        90.2992125984252,
        92.37795275590551,
        92.81889763779527,
        92.7244094488189,
        92.1259842519685,
        93.03937007874016,
        91.71653543307086,
        94.36220472440945,
        93.00787401574803,
        93.79527559055119,
        94.04724409448819,
        93.13385826771653,
        93.32283464566929,
        94.4251968503937,
        94.96062992125984,
        95.62204724409449,
        95.46456692913385,
        93.88976377952756,
        93.85826771653544,
        87.05511811023622,
        93.88976377952756,
        94.64566929133858,
        96.1259842519685,
        95.8740157480315,
        95.05511811023622,
        95.65354330708661,
        95.90551181102362,
        95.43307086614173,
        95.74803149606299,
        95.96850393700787,
        96.06299212598425,
        95.74803149606299,
        95.4015748031496
    ],
    "lr": [
        0.0001,
        0.0001,
        0.0001,
        0.0001,
        0.0001,
        0.0001,
        0.0001,
        0.0001,
        0.0001,
        0.0001,
        0.0001,
        0.0001,
        0.0001,
        0.0001,
        0.0001,
        0.0001,
        0.0001,
        0.0001,
        0.0001,
        0.0001,
        0.0001,
        0.0001,
        0.0001,
        0.0001,
        0.0001,
        0.0001,
        0.0001,
        0.0001,
        5e-05,
        5e-05,
        5e-05,
        5e-05,
        5e-05,
        5e-05,
        5e-05,
        2.5e-05,
        2.5e-05,
        2.5e-05,
        2.5e-05
    ]
}